-0.09266827529887924,-1.1484304034118866,5.1154412355334555,5.288968991330725,1.5775240479523727,3.505406046725928,2.245576776410193,1.548552877558998,3.864786496382764
-1.3057942848416408,3.812812233297202,2.4007618304436913,-0.6005131262949769,0.8685618148326455,-0.49755806098664257,-0.26369512090090597,-0.13020673749986067,1.2889364486274484
2.056758230252652,0.48171820630205364,-0.5661877131642836,-1.91647222672321,-1.1282841944994029,0.890605301810091,1.140303045350884,0.13187772727772695,0.16278401078031388
0.16492901540764995,-1.4003791444509466,0.7723374974211492,2.009811796700055,-0.07520594716492668,-0.21093624778737385,0.344195717099099,2.0567617738627155,2.4250933411965105
-1.0358487941436298,-1.3103905968142526,0.15030938410928957,1.2280263032877354,2.615494678479079,1.834222749924705,0.41018039875608414,1.3193301498422445,1.477682698619395
-0.3092927130722791,-0.6087020374096329,-0.06456515876130359,-0.4264360295321958,-0.4466321920446212,-0.7232760868311291,1.570546983608918,0.2837389401642974,-1.166867111915473
1.257200371749371,-0.7704093384911859,0.7095016397686906,0.20991546821379747,0.13116945757117493,1.090042841986256,1.1775810682614267,0.31296381223543535,2.0564147749965533
2.8517374349629607,-3.349057458317874,-1.4067733371604583,-2.2470986276565887,0.1128757433695049,-1.0472003541612636,-0.19078513787263585,-0.43426919357861643,-2.0131213521311
-2.0385873384273854,1.6674132872681022,-0.541929675293175,-1.1522796431117088,-1.3834470556821936,0.053201649737382894,-0.464905031957527,1.3496876972737841,-1.5752053909885924
1.2824221191894034,1.4509391723092382,3.5887129341055757,3.339228848946515,0.6518994970379716,2.85907478491954,-0.14096548991533625,1.9261880717288582,0.8539193661670059
1.8834699559208008,0.4642951946402138,3.0556934484207887,0.298608673486162,0.15180066580906115,2.1217950472953713,0.8213292546494464,-0.9876167242319823,2.325105438041744
-0.4781266831262564,0.28163702535976937,0.6316115845332331,0.1462047377313785,0.2842974532317267,-0.7329187999415187,-1.492860852361117,-3.5361395970053664,-0.5457096886921222
1.7080779969687998,3.136454175551586,0.23667757461583752,1.1211233060346437,2.0953678639672413,1.130489755903707,0.7594071529159785,2.1004193825882713,1.5456130899182674
-2.8395062775397086,-0.8887261497769393,-1.2138302305497035,0.010573690526547717,-0.8265728419123861,0.05959986657115596,-0.8885792624872471,0.13929659883121007,-0.7491683911625437
-0.07332848583274929,0.1460401159410584,-0.6781224920257856,0.4213492651326834,1.1358642536047114,0.761885229939091,-0.15607836615496007,-3.0623013531383165,-0.34411372030103554
-3.452887210766753,1.3222056154267228,1.1244019683921425,-0.8723166380247643,-0.1347696090583439,0.6482547332612196,0.8015427663439079,0.44722542121988584,1.5523241454909142
-0.920321704351934,1.703890838293287,-0.3021400415760506,-2.605781744144793,-1.1582669983223688,-0.5019025879528145,0.6078209047164811,0.22784443693369677,-2.692505071383908
-4.0271768491253415,-3.4304885837538577,-2.7266312423537165,-2.1610986131198207,-2.5755640259219916,-4.672945507212992,-4.243999343743597,-2.0072143787873835,-3.6806532639962035
0.18388467379757456,1.2380148875544805,0.24401364120035834,-0.2599006474876759,0.5931657488732082,1.4282665166107429,2.4768317761869243,0.11731050419399325,0.6428335819190264
-1.9538882195785454,0.7434964545200724,3.726443330164517,1.2634365971601016,1.3700549612855712,2.137377145647063,0.8576494174158208,2.239816242379152,2.0044264548523207
2.7226557758840317,-0.32617045695505026,0.1398133457069543,1.2598246447631258,2.706996012981449,0.5352752424021926,-0.6499788725738597,-0.7164670746400773,1.6953264205335934
-2.6414298565345873,-0.6362981148801178,-1.4110823511955364,-0.9830708299681756,-0.30120525055475456,-0.017830388012813052,0.8064313546935413,-0.28286939983536213,0.09425112542892788
-1.3015526567666609,0.9726607953087382,-1.626184460111635,-0.7717960175809968,-1.2814989509360661,0.6684497965865784,1.037572017876019,-0.7598253742993358,0.9644105747396448
-2.143411083830022,-0.3812679402623895,0.023701694492639515,-0.4756141964079062,1.1335673494247047,0.6829958174725855,0.841741483474947,1.9836928037967263,0.2731454178578947
1.3560753671081,0.6223040971700661,2.4407681780652957,-0.2508204192318771,0.6140782629728962,0.6878885419705734,1.7272568350230604,1.35668007484247,0.10052425648059568
2.530028187790728,-0.26205775220066957,2.0488973573454983,1.9081514186969226,-0.17621489688181236,1.5199666382654011,1.1963359474216875,1.6826970440914666,0.5098340372540129
-0.29640297947856825,1.1043119863681243,0.8191879963028097,0.8439289477587051,-1.1060777234812997,0.9971000391884458,0.06927881879051194,0.6560013870510134,1.2124767219609716
-3.4852594819342135,2.7746460478457657,1.107042569672221,-1.6213648964386127,0.25318810207834175,-0.32057238693813284,-0.33816762866578887,0.8505233551902747,1.9118977499420557
7.809296525332755,2.957245978826506,2.1368587875446994,2.3751374953229814,1.1324590905741316,3.028343880251987,2.1583789930504933,0.18099041408627206,2.9951227912217195
2.217311155716406,0.6837543403398785,1.0716264081970943,-0.05119681179886976,-1.1084756777397309,-1.0294690952193915,-1.0867633136129935,-0.5855524799283425,-1.1972162727263655
-3.715946980358164,-0.01647264969697185,-2.0584710784108458,0.1644294076588394,0.9624869284547517,-2.299692403873219,-2.195535378688236,-0.5786690455388281,0.17140244702592203
-0.9987227828559118,-0.0696625224245572,-1.889305532899356,-2.6173402126455905,-0.7147285123810123,-1.840455374917906,-1.3399593856134067,-0.8436722953667058,-1.7232460825937084
1.5254764398569514,1.7449876741899677,4.149514926629133,2.8575458590728613,1.4192584131366395,1.5391368416738176,0.669239594541149,-0.5938492779317337,0.32679715059637826
1.2640393108459094,3.867669947461285,2.162162574547356,1.2508509301450512,1.8993142966578194,1.0140052190236564,0.8193936952646249,3.8321986268888732,2.76428963564741
1.5759488884172543,-0.7388963196670507,0.22613617176301326,-3.866402974511717,-3.4655671927019887,-0.9881069185253197,-1.1107632508408802,-1.5653063247160042,-4.137072847044055
-1.5369212288419338,2.20075201937694,-0.46560754781870456,1.195060954025367,0.737171234399383,1.7496887748573047,0.5951302765393639,1.0456901064685664,1.532359533774942
-4.7518331893014985,-0.54619782244435,-0.2989009978451476,0.539673091974194,1.1028753832533016,-0.33896184775952365,-0.7893896226615172,2.2033476821261613,0.2046976209875762
-2.0158771488247127,-1.0100998728903041,-1.246824648188019,1.0254685155604761,1.4321830350977582,-0.27302095718187364,0.3473519757795236,-0.20690594442617752,0.07372986045694202
-1.2194172223849369,3.6897807298130187,0.4934114312981361,2.227774520381836,0.9082426856885932,1.3975774320686176,0.36712533512663753,1.62470731620578,2.134478145068706
1.947471605761237,-0.9359007620759037,-1.2090748519929642,0.13703244796975894,0.2151929772647489,0.7014746531549717,-0.5103334048128297,1.34583102051229,-0.30540764741465565
1.7578453032883035,1.633049830370371,0.6525859290483063,2.5044009482513716,0.9198662829064105,1.2453257724296656,1.233650329484133,0.597392143167023,0.9815576028436193
1.0759393448431154,-3.162010467010597,-0.5780334202353445,-1.71942833347354,0.6639354192652387,-0.13194338639234152,-1.0356989016292313,0.8326993949054332,0.7797352227579679
-0.30740354447630713,2.9628689173785,-0.22264376478355463,0.11556516440020109,1.406295782744552,0.6773298564018767,1.914703211879891,-0.5055345787812782,0.6038908766744815
-0.8704821350894181,-0.306445845691842,-0.01693621963149443,0.08580447930355345,-0.5672871725614996,0.3856145649215015,0.8749448547770959,1.2824636178377975,1.156141401253416
-0.8394763751714841,-1.0447482890101494,2.1170580515043977,1.5898972483900387,2.6552716388681876,1.561840602967069,1.0182917033641632,-0.06112054885796997,2.037734961317201
-2.4869712970266047,1.43687575805409,2.018147010458235,0.48749671602127337,1.7308478416095288,-0.8675564231330968,-0.009766949984347914,-0.4546309694498436,1.2656755670758746
0.7265165089581732,0.6662503693300357,0.9062795477653443,-0.468246811810448,0.2449041322095729,0.5771578987677655,0.6209081253265542,-0.03948522098925425,-1.2679935961134177
-1.181949315385719,2.6504668792269155,-0.36479141057740794,0.7053814641723868,2.7345993043089853,-0.25708143031405745,0.3393262779860259,3.122819510885032,2.315255964932077
0.7564039544212001,-1.5655879492680103,-1.525466986073258,-2.369033889135001,-2.1618720963281097,-0.9465852550396239,-1.7474780618515369,-2.5209450519035097,-2.5818251063227655
-0.8780465832086928,-0.21229739124404903,1.2320209396170023,2.5351186939569175,2.595853827624874,-0.09133852193080541,0.5279825856417047,-1.699913501854439,-0.21585735170384535
0.8478867012464746,3.7965073472919886,3.711998293194988,4.315626676889459,1.7463373184208373,2.2270977448022116,1.765437017956894,2.3798935888365516,3.2409612852962297
0.4317912304616117,-2.183410581573384,-1.7416080589226453,-0.09463518320052705,-0.22670765824881034,1.380505856027501,0.32029387600954184,-1.1841969024313352,-0.4215968860834449
2.075395415483446,0.40985132460369783,-0.15405935313112243,2.3521520963228326,2.215965975409663,1.123891078341734,0.7526588839280731,0.4594824512069514,0.5206269042923639
-7.030389185667174,-4.032537853203716,-2.515079597084168,-4.4664826479939865,-3.2978527896229997,-2.9683366711320014,-3.3275786982330997,-4.426705920990854,-4.458933330606053
-0.832419207887087,-0.43645273213454044,-0.9229745329417307,0.3092656594487275,-1.5482420310296316,-1.2883460433645768,-0.4809914684970911,0.1536003993330188,0.1638605849073479
0.31572341522542685,-4.71118323012298,-2.1060096852405605,-2.218036936693287,-0.9206273722236381,-2.8591546276230004,-2.25062914585273,-2.695419197772429,-2.4451205050656912
-2.5271162705418657,-1.4825932379850482,0.841207896748374,2.3446056562721043,0.4333981544273716,-0.8181164752027026,0.3396561279471484,1.0405151464331208,0.8468954086768015
0.1006309810109454,-3.4133914700377406,0.8616733606049278,-1.7707021551795525,-0.05978940063615301,-1.9032861537646402,0.8313903403312719,0.8689581097255572,-1.9515024063206072
-2.9932525381072526,-0.5074546002414885,-3.858307083963581,-2.2585369571713287,-1.1582647652139906,-1.9847020132774493,-1.0240931591983746,-0.3344750559030062,-2.5970579709526107
0.9601652186667979,0.22393359322881187,-1.5419190264700884,-3.161630006374104,-1.4046605718905578,-0.35588242188557623,-0.46106232085070353,-2.8937371134576124,-0.16109831313293854
3.400398811482543,1.1411543798516226,-1.1735916232285457,3.9887797166547068,1.219327886419259,1.6848310363164196,1.5318496066728862,-0.3148107222141073,2.1121741819661883
-0.797785586270242,-0.9544069063507608,-2.9689834951897627,0.4039401152677719,-0.9171454433302336,-1.3524708465118327,-2.450707865247477,-0.2740862246092235,-2.2036486105323756
-3.8474146897369823,-0.07804606525683513,-0.13954365394907925,-2.2715904204894968,-2.3667200855089936,-1.8430462645458066,0.03579615261594787,-0.7258039422723501,-0.543155513653337
-0.14243045501560936,-1.2766338877941426,-0.7672495221252631,-2.262611167922925,-1.485593538630069,-0.667196590401934,-2.241460974526831,-1.5199516922506477,-1.1499385066475085
1.2204984120468876,2.693778428013168,0.8630142211220975,4.377396397537003,1.2416979334717266,2.6747852643975105,2.4388649333952026,0.7135677197737118,3.3343246576616585
-0.3057651569989866,2.6496824509957952,2.4289002585643633,2.210033432292782,-0.19874139875510943,1.8726990612773289,0.7281135623274683,1.402139922719946,0.8738952586387458
1.771095357627619,0.458570427018928,1.1329626565583535,1.327601641926304,4.2061235610593855,3.67778211735473,3.0466010107500976,3.104720952777173,5.2033051569966275
5.188433220562819,1.1530716310706715,1.9911946942363892,3.6442841866629623,2.5258867208789306,3.085089120788988,2.1609331929762234,2.731219544949952,3.738253096660208
2.589339741210344,2.4972357541355144,4.375641382302131,1.2968546377482573,-0.8504147802492892,0.10388883457313666,2.473205373494748,-1.0655293808178872,0.1847629856594546
-1.4362842945213183,0.7338742992163964,1.5029168347728072,0.035232059201676214,1.2860803594844128,0.6633194150876651,1.474667537296013,-0.5795052731918383,-0.03529346671210587
0.7780598462479537,3.37876211981403,1.4821232607065904,3.0215471469220216,0.11067640872888784,3.101588126682148,3.402719140260314,0.5846234851526979,0.4862129658886585
2.2180838379610432,0.07479090161591748,-1.5302875352764158,0.07049112144214931,-1.0374993071912477,0.20409126437483088,-1.686000552979416,-0.6566985271569405,-1.3782224278904431
-0.36111312810479884,-1.2928899744333326,0.1633846918072741,-0.6091471946737615,-1.042752217056281,-1.3031498994725517,-1.1783040326926022,0.04326780347929792,-0.11830144508664968
-1.7812763840493167,-2.3658099860167447,-5.124864863585215,-3.1042421235311783,-2.5551002283535107,-2.673721658624299,-2.774291448566178,-0.8091079332132024,-3.4679270546703083
1.5344447529227137,0.8490344455218226,3.4224620377459574,1.999287850697469,2.685825917527273,3.22898200594123,1.6234241525487316,0.10308276833325916,1.5030477132391742
-0.27736851729862955,-0.34538925897270967,0.15818834209795302,-1.4480327876963897,-0.8589612869690362,-1.3520608945322028,-1.1890771504395814,-1.1288920993253708,-0.2971607904145278
1.1276060258383624,0.27164665189234444,-0.06996424834283649,0.15070192365832052,-1.1949373078916086,-1.8571533437273051,-2.0666571681934762,0.9036523767612225,-0.8991791026935535
-0.3993376295935607,1.1759933023607054,0.7437633178111529,-0.4639016979122744,0.9803015106840507,1.0899213836958959,0.00826116114799691,0.7639996547181852,1.030839051638995
-3.0771665856778556,-2.0726147204375494,0.9641673047380668,1.0138747049743657,0.5358336975380762,-0.419697186327721,0.21936864715748294,0.02686877223061012,1.8216702755550545
3.8504143116401366,-0.9745937778994196,-1.8170187423389366,-2.029915789906506,-1.8218657720999705,-1.582925822065775,-0.5164687474828447,0.45612953791537103,-0.4824021494821421
0.02363346246029227,-0.056749332593907215,1.065696108356976,1.4139518983044141,-0.5483254712400916,-0.2699036087098876,-0.19171134267065715,0.22387858186017318,1.1991155712836765
0.3185590215128225,3.8457437630827984,1.224946261396497,1.3012122001329365,0.6880038368837281,2.264852327514242,0.9631920341056932,-0.5207186157053022,2.0134715997254036
3.472512679837131,-0.49594606167466976,3.289319630384745,-0.06249187146575652,0.3995786327427606,1.6007681124332618,2.6383915741146504,1.1482608179534537,1.1358159641283398
-3.4030566965202134,-3.626533012781057,-1.64630040080354,0.1091398793732612,-0.5321581599369808,-0.16716042427668598,-3.32362002088984,-2.915947448370536,-0.45800878168873094
-2.1128167087594356,-3.0085502076890553,-1.9231909327743035,0.7830113994465222,-1.1963441339356087,0.31161063129150834,-0.36908226553865675,-0.9622156882630504,-0.179044473728047
0.8312472569389615,-2.7374109377530558,-1.7690546246201908,-2.0545698647685215,-2.098114370225881,-1.3517183679820435,-3.018135252931786,-1.8301966032376562,-0.09748857506367559
0.4603262720898105,-2.24920001009952,-2.199033512337186,-2.1064924917701804,-3.731771166961516,-1.8143788440410376,-1.2078047151672933,-2.5056853079089554,-1.0039442515713506
-1.1183577799834763,0.696394059043019,-1.702330029848222,-1.153834841724163,-0.20125852237652764,-2.9097522561300986,-1.1720193689395204,-1.933230182577684,-4.573536139951984
-2.3053420616636977,2.2780001116233177,2.506591716021659,3.23661785991571,1.1948507747579544,2.5687855327950766,1.5850701668746618,2.3372193018647,2.444541676987829
0.9523309139614244,1.406975451352891,2.618554312325128,1.6234891707566026,-0.24520188736034831,1.7477537160162369,1.588149970797815,-0.3164992610322718,3.3945859989820866
2.783452777299715,-1.300023370086578,-2.54232104195892,2.6146378220145308,-0.3537141824791874,-0.8922175663266059,1.043206495420786,-0.7221632892790565,1.0724595811742006
-2.237131032981523,1.9180013174028738,2.029843829639715,-2.36132703005724,-0.3514990605209884,1.9073738949364833,-0.3336972165312455,-0.54699359903479,0.6072199543296098
3.4855684226564354,-0.24382266784097464,2.147980967162919,0.13949253354644914,0.5089195949522223,0.0381959969488761,0.2604782918935805,-0.3185600139286492,1.4734993413697148
-1.549152194144625,-0.5325448596832724,1.8549583233034352,-0.1603936054986776,1.8130543308410745,2.0204195758018417,0.7707367013544875,1.493719027012684,0.7517296651241459
1.6353623982498555,1.9361327951316596,2.3724546826832236,3.4399031886770928,-0.03963178580897578,1.1553929577864244,-0.5733178420986159,0.36862535601619534,1.503560617297122
0.6881125070843715,0.9624457479884396,1.3241280222512093,1.810414514177374,0.5010757083265002,1.944718772458463,1.5532378988570614,0.4949032980527981,1.1413108404938381
-0.3130748241963913,-2.233267957776206,-1.7869566876700795,-1.2967742573263354,-0.5221172899624803,-2.6477206026497084,-0.19558900517882777,-0.9100650843021119,-3.3879203674317937
3.4664796236278685,-1.7408229482699111,0.893708843866811,0.5333631409081878,0.7634310984867989,0.41754865829930565,-0.14202599873597066,-0.051025767675420226,2.338791770531243
2.6083835238626523,-1.6769806811246315,1.0893904127170686,5.486008208253233,1.0109075915868648,2.9686049949633637,2.9068628168023136,2.2989820668045775,2.839841006756987
3.549782769795798,0.22205012426694085,-0.742615568277817,2.456539871408021,0.3066563640133304,0.5285204141961533,-0.0995627056521169,1.9469040118254775,1.1752853936314869
-4.128389918182073,-1.344249925189464,-2.059291061658558,-1.2884637566118455,0.3637548626128432,0.20574610393260373,-0.7691539781399629,-0.7329216627590747,0.06556963628129586
-1.2701552471552642,-0.4517982579525283,-2.2713767798093842,-2.0890343598361323,-1.431788335117893,-0.40509852264863266,-1.932173443915673,-0.3029175964505355,-0.722998358303761
2.0850399417987426,-1.4379408346842855,-0.5399440376902638,-0.1765715778355626,1.2501175677249665,-0.5611035117168878,0.32527844613743495,1.93463126346931,0.2798251007645469
-2.0218682669056274,-1.661754835723815,-0.7605759395514098,-1.3884522568872975,-0.46772719930935946,-1.1472338842092353,-0.730318501620358,-0.2708594092769015,-0.35255739923293583
1.7936680907006466,-0.7242703738973418,-0.9465727176570227,-1.3557058615539976,0.3193163502179205,-0.5538538690757897,1.4821609706343635,0.03640752709812033,1.1244551585322455
2.145124262612947,-0.603221548910832,1.454348143343824,1.571896655246885,0.7662450661865233,-0.11874408733425063,1.4190623133702422,0.06340380382018906,2.101609621114061
0.3511383372403656,-3.1590509707901737,-3.139549969979623,-5.744939479077985,-2.891681327642999,-6.290292725742833,-3.8204345680302496,-2.977961216848932,-4.936760887045421
-1.0815874656301447,1.2719846833973523,5.7182262458359965,1.2892821052066912,2.1310470420842185,1.1819022674405821,1.2251100251274323,0.7280552007859535,2.833589925897775
-1.141913843393505,-0.2712936593653495,-0.9175534079900471,0.4071942648273022,0.03860462456634735,0.11206422132859897,-0.3656290126385768,0.5571782535223583,0.8546681975432373
-4.157159871160298,1.00144900617203,0.6859805929415643,-0.35654065307123256,-1.047714928906359,-0.7870354329779495,-0.696860397490327,-0.5467582786851798,-0.09522377335610144
0.1828349620394215,-1.4197712956134954,-3.775421997146312,-1.6632959149555757,0.927428187077142,-1.6541820497384105,-0.9423411633829074,-1.0210170973290849,0.5078119456741438
2.8332089845974586,1.743458242368065,-0.5595288362365516,-0.6761371315542042,-0.7729090924599307,-1.2845138621172858,-1.717392549402377,-1.2900318287982693,-0.2901499177760919
2.0045245597779955,-2.5957081118773497,1.7983830742937985,-1.1672438463931722,1.1068856414242778,-0.5989879841691003,0.02258470604122092,-1.3473519071676705,2.8034388355644015
0.07954539590518753,-0.16641984586432032,-0.28651465347365324,0.5867444487801682,-0.40792926419011194,-0.21603336096497774,-1.6507104537912978,-0.9454816964072975,-0.5359066533378771
-0.15020471426232523,-1.3770343748315612,0.4078025371654512,1.6224422763536208,0.9501262530413166,-0.005256457395257768,0.42724155768929617,0.7658903519096606,1.7914781797256274
-2.998527547481514,-2.7360323965439792,-2.3006267679325516,-2.369928619459875,-0.8670028145396613,-1.158976092096516,-1.906569390489731,-1.6743142965849591,-1.5535355157107003
1.6522118501365537,-0.331855546838236,0.2480079806727099,-2.2763856413734147,-0.4491255080990776,0.022223039440129454,-1.056947764676369,-2.0123416386071438,-1.581004538892592
1.0967486575717404,2.962196320705661,1.1226651629609257,0.9994437931216851,-2.1944905522345945,3.097666589803119,0.7682035177670371,0.9369520138341475,-2.245594584101042
1.8949602965044727,2.1454719263362456,2.6286488477837224,1.6143552186646848,0.3840610768724799,3.008640809103887,3.263009528249394,1.316290514480787,2.1345641348771345
-1.7638645624632532,-0.2917749549297528,-0.27818242921463365,-0.023383747939897392,0.3716362088624981,0.07957352351051619,1.7681547033206233,-1.0985373663755023,1.3596685837927263
-2.30112358829595,0.5006272269914671,-1.140223498240611,-1.4617673213202607,-0.5841002996676818,-1.1802683490044505,-1.711540904199367,-1.4621158494067121,-2.3298073371693517
-0.16116095494753147,4.997473160626418,1.9478444844290403,4.999435377228774,0.22052940992610592,2.7270276904536095,4.402754497533111,1.8078117895462937,3.1087138783089636
-2.764139153990728,-1.1259586689457517,-0.9742602344566897,-1.7744856111331835,-1.8942149457220987,-0.4570460576480825,-1.4233790717874752,-0.27036320353484855,-1.4399483647550584
0.8981271577022195,4.2890970713490795,0.9881033010056945,3.3912765280394535,2.1855805710679292,-0.6357356225767348,1.774029494557446,-0.07402261363958884,1.2205856804616548
0.4108455813820388,2.5753455685344275,-0.37860524292421055,0.19786795946532376,-0.312344481847928,0.2659388304964013,0.13557967522136294,1.4194268244684085,-0.4900511794747205
0.9064540107729241,1.1551822401515972,0.5136724635549277,-0.4218081334352618,-0.7620040697632146,-0.34392158500032133,0.8701360650031282,-0.522280432080858,0.06216683639787048
-1.0322651145027004,1.0075597224925983,-1.9516578487251106,1.7699994095852547,-2.367346990247201,-1.7340241605378273,0.4029847521518426,0.04754082619987456,-1.2460555623081686
0.9428045052190371,2.2015499125030313,0.38854067879219273,-0.2604476594657624,-0.14566811401312865,-0.12602647144340304,-0.5499136447379821,-0.2869404778908177,0.5058444143049762
2.9814615204078643,3.446045704659406,1.290062333144082,2.0654119155618194,2.3407696805092217,1.2782732253733393,2.270529347084556,0.7783426272382937,1.8989572142344837
-4.8479209950660875,-0.8092244700979908,-2.698984129294717,-0.8433833630243405,-1.2413347031651347,-1.2232478798562043,0.026733821045268946,-0.4158152803845573,-2.223277611625868
2.5868109252703544,-2.0779360556075357,-0.8151096336633732,-3.892094025099406,-0.6666651904160941,-1.572849665832989,-3.237205510668067,-1.3289283344126834,-0.7589713227772488
-0.3474179561655715,-3.0872205392295875,2.58031879585116,-3.64148282725464,-0.4519368573736006,0.5868651733802533,-3.3218857752671154,0.614914280932673,0.04549707256764042
0.36260086319245294,3.9389723780435015,2.990568088571463,4.007000449064511,1.3716216897954236,3.8284492523842544,2.511209637810657,0.07064682156394564,3.49074090700545
-0.06757948551341943,-0.9266361032085506,-0.8002087731878551,-1.329099709220583,-0.32216149695329016,-1.7876610847692207,-1.3433608643197013,-1.0354586886845571,-0.9852272906356708
0.5128239435394597,-0.8786453000876224,-1.1101765519276443,-2.464825730723448,-1.8180259878329175,-1.5200302972958184,-1.6598975712765411,-1.3481528192560683,-3.155982178975224
3.5695806482571517,1.1928541063568265,1.6381326373057128,1.0851841543990253,0.4348999642991071,1.5561209506876947,3.0580842085952336,-0.2975288021986253,2.49223817027368
-1.9450242675004517,-3.1550055017389043,-3.107452456793614,-4.356467941536838,-2.735624564966225,-3.629791123657029,-3.039819859532318,-3.0664569698028052,-3.1008743181281893
-3.719505341675482,2.3029996467051106,-0.9906550999719421,2.7831922554432023,0.44360731851922086,0.8107966465019335,1.136104320858283,-0.16573344906527726,-0.6646718419192998
-3.7222653041983884,-1.5442405615475232,-0.3748752839486516,0.8897774423061277,0.24236421409548436,0.6488756410408836,1.7264537316680555,-1.0548946437269546,-0.6500936106662683
2.3450578119685566,-3.3657749503267587,0.09822182674460725,-1.8300288713545687,0.5309506508104602,0.2189992587867242,-0.8950498322437895,1.1111671701481016,0.21056345984416186
2.1852046488288406,-4.730845562983094,-2.41459310644535,-4.516242181583931,0.26053385003150686,-0.3404446036042872,-4.049384818530205,-0.5461023882865752,0.23975384824628754
4.486450875478951,2.538269221718533,2.905653225987865,4.856922977269004,0.8088619307144743,1.6276162038320672,3.7079044843919915,1.7348462465726686,0.05040011900644688
-2.2243844439408815,-1.4066874707069572,-0.7346773799588213,-2.7983845624289905,-0.6930110230484668,-1.787550885638727,-1.4001999863965686,0.9800610928377459,-1.412459468316939
-3.926508591358925,-2.481845287414367,-2.4727412927870094,-7.491609498419767,-0.8792098905340755,-3.9999759106195634,-3.6805964791473773,-3.4845531355264883,-2.7870331647363686
1.7245236142253089,0.3271055584899484,0.6172913126460764,0.15547810304761223,0.48125369863724465,-0.2554126339751279,0.29265535495403106,0.3275403971716786,0.6955798965917941
-0.4785257485635468,3.9604852819497927,4.691126807759794,4.897072078172875,4.072258383231087,5.23537572465322,3.9363372930305545,4.080851439222232,5.180067767063685
-2.2519844300027714,-4.20929182577648,-2.94542305336598,-4.493140108652804,-2.7115096175785247,-3.6191670607796502,-2.2871144554743004,-2.8578380443949345,-3.1508717920743026
-1.2615521357050155,-1.4278517874985077,-1.0076049881506184,-0.5244984866285406,0.745574716710989,-2.4365666628470515,-2.8737742904033086,-2.507995837592037,-2.5512357790025293
2.9094955883182125,-0.45859316028787456,1.4152562006208145,0.6719945072285962,0.2776603833442615,2.183752698621613,-0.3443093679256114,1.4897186066941404,2.396761674788981
-1.033942151116694,3.4634437971731575,-0.5098420761623175,0.7775288917341956,0.9311517720579784,1.480259659567698,1.219333988329192,0.38671273355706576,0.21713754728220985
2.1098157899228918,4.050662532358385,1.6323701147632335,4.102098464365748,-0.8041618850465018,0.20028566515956006,2.792166287618241,0.7457194240679882,1.0538436550066463
1.2966737530324195,0.6191183803180742,-1.7632530714374008,-0.21912632973860113,0.3821406697848607,-2.792590564518861,0.3294196188788637,-3.0365633103738614,-2.4571772292448384
1.5520382827851915,5.747039161141543,1.0598600219770449,3.538168866863507,1.291326604991879,0.718682379720704,2.8073455647498804,0.664603276560136,0.4682307698550571
-0.39385374116543637,-2.7002614551075963,-1.0456026006678687,-2.731676251171308,0.087902933458821,-0.9944900321413694,-0.9645217350978562,-1.3707075374980806,0.26682099593814607
0.16110437640116468,0.4684998464167722,1.6130699448537391,3.393901505938791,0.28920130782203324,1.467492934067038,1.2736482857770186,1.1963320181480586,-0.26828333908367025
-2.005816474286593,-0.4268660321544243,0.6925602318927886,-0.5504230026930645,-2.418948285268899,-0.38312370694488185,0.449722973235243,0.9195555180999712,-0.5708690455808073
-1.360937906320494,-3.106409878294524,-0.9289308035499326,-2.0988172042125224,-1.046628780090023,-1.2117602314510714,-0.7061226151559348,0.4127467296946705,0.04843029133675765
-2.805215934116818,1.7628168441166792,0.6576331603332457,2.178717782377096,-0.3073048886460394,0.8686310951709681,-0.2176476588606931,-0.09213492922716104,1.2457172228572087
0.811805209631701,0.9248583217684359,1.0642976290870618,-1.722254503675873,-0.5394385116243369,-1.0656944279316585,-0.10262278923446627,0.36192855913452127,-1.094810180261074
-1.3292436621576065,1.7631008661928758,0.2573493597808058,3.3670002800814145,0.5957504137336223,-1.124341877640208,1.1566922736251062,1.4003479042422793,1.3426979140919455
0.15827142437920427,2.8262001580099825,0.48283252554139455,1.8870626077715804,-1.7610644589127338,0.4962961139101071,1.646216285117698,-0.7611811252976299,-0.6921405687777185
-1.5274180263474386,-0.5732626897428791,-0.3473302321994327,-2.0304610062976787,0.2643312938458278,-1.9777961912077124,0.2886079829555478,-0.14022708954353308,-0.7019294743672723
0.21623275040086432,4.622425655215686,-0.2944381539100344,3.8671414770598975,-0.48497057649228004,1.4985647086950904,1.370170381070839,0.49877165532775203,0.26645070926288866
-2.1073357343001913,-1.6754614506517576,-4.172281422643355,-1.5599829727502716,-1.3703484214885817,-1.8886434460850132,-0.3581263724787646,-2.767285196624845,-2.5601707192995837
2.1182734807893517,-0.0601447365844483,1.7099927010476825,6.006597045321257,0.31088870452838024,-1.0209897567828219,2.5842989636223,1.2711702810116026,-0.5002746760998222
1.4388791045959384,3.1111128313404994,1.1695050328108123,0.22730342004244153,1.760447400938104,2.2025581602018836,0.8328001848105383,2.8181599303362277,4.080640574938013
1.9907578039079274,-3.291504128183539,-0.9342969902446987,-5.018235490277081,-1.0797907604053771,0.08973450544723219,-3.6894386928922698,-2.1445693096454588,0.4326839375847124
0.6017401407604341,-3.461606528096415,-0.8320494392945987,-2.8859856204780034,0.27061984299890707,-0.9615485939023503,-3.5506150874732834,0.6783165759201358,0.40817099962311065
0.5223689430711822,2.965731122768723,-0.29389665797646375,5.867338139693032,-0.6894591643773574,1.1201118451301801,3.280835434772858,1.3499699119406465,0.24641490461897492
-3.067642951977733,-2.5337620406378814,1.2430703846993916,1.969846358547556,-0.5998993266507492,1.390390518292451,-1.1153551763832243,2.374117114635106,0.9482979420497234
-3.484339061382249,1.393362446144324,-0.5300475435471392,1.525280975556677,0.23521874453749309,0.4580509421084218,0.8173289744695782,-1.241408685963383,1.324772788699267
-2.0651724051550238,1.2338009041525209,-0.8799998410234211,-0.3057466571149181,-1.6373132861360578,-2.12410251304905,0.8321875117756986,-2.506096637686551,-0.4718192014407014
3.8716126666162665,2.535818918289053,0.993056281179945,1.3414476648137759,0.0709142256911357,0.396493504035629,-0.1606474490351983,1.0632709482081772,-0.4793543383180828
3.542455190682351,1.85116195742982,3.160146271793576,2.4506660869601413,0.06341032382710432,0.375643123070187,1.4106591667357187,0.025362553971387335,0.5442889757868614
-2.666813340095766,0.7603471246065322,-2.0022876348869003,1.7610272964507698,0.3020097151983994,-1.4928261224900776,2.9243328323964253,-1.7985132475268726,-0.3058825696052383
4.752373096359461,1.3449490217562254,2.5867551808974665,0.007548055454529468,0.08107623700947841,-0.2026539593610509,1.9504679852571567,-0.24417006182904938,0.4517842411003507
2.342307031643774,1.7626287195180061,2.3496287482254443,1.8135121325809918,0.8605499652267818,1.3051986651924115,1.8239296365731503,-0.46861655965008864,-0.025859378111825607
2.7160908427067554,-0.021421986348128502,0.1991468501061761,-0.1395868471408924,1.4146466071659771,0.8200238950828539,-0.5149226332457774,0.9269984968562507,1.496460528361657
-0.23061986598302964,-1.0042764259280443,1.208201404113928,-7.231645093188341,1.0449988416058305,0.6468682212211669,-5.046452242221121,0.5062541487649908,-0.6548108102509713
0.14229173307321674,1.6010026096610384,-3.075579961178169,5.856402002696939,-2.2632272171178887,0.11402304964744239,0.8211494803986675,0.16402767309082533,-0.11644994388448264
-0.11008411104400796,-2.3224369204310613,-0.4344130073996569,-3.2731327842053366,-0.8009222716659208,-1.6367444738080938,-2.852712843065953,0.8776626779347181,-0.4683418967092035
0.8128114649980485,-1.4158097668935288,3.21975643267315,1.3540465471156353,0.582330336270676,2.7874976437975976,1.3468383289638934,2.011565773890394,1.4005027690280782
-0.44715927551005874,-1.1790824802485012,1.8974586679837215,0.9397579831843023,-0.044883934295918644,-0.9547976338903145,0.12219508204474136,-0.6824722948698568,-0.19853374225421225
-1.1912685206913993,-1.031347633928218,-1.0012477402541085,-3.318657981362487,-0.05476983752800769,-1.1629212056378984,-3.3407387866287324,-0.8330428398240316,-1.9338788783697989
1.1964251772583754,0.04720425625931307,-0.5264280707058921,0.5710859486347084,0.3255756806218304,0.5064373650186779,1.937383298621938,1.8798390769082558,-0.44605780114294397
2.060814506304466,-1.6524033136206997,-0.5516920943323587,-1.6593193460243376,-0.2598624684108716,-0.9872310340786182,-2.119320503133135,-0.9002498626888867,-0.7857939530604062
1.1417167451864518,1.945355211907341,1.1833120944999358,0.037234505257061734,1.0486911230242082,0.8800214069810698,1.2758767262010864,0.8314131003099654,2.1359807459557723
-2.6697718421635694,1.1087339000402727,-0.04147846813902106,-0.04117274467915355,1.7001925275516048,0.8980279515309433,0.2615830101619342,-0.20076404188606184,-0.5856860122297184
2.3175135519196606,0.6952587792567468,1.6656783248435738,1.3704158366266073,0.36019017503939893,-0.052408368538698936,1.1074568477561053,-0.8491329742922177,1.593680088964374
0.4628202907038358,2.1719959646035036,2.394208855335222,5.686178164547389,2.7755016364303904,1.1387700156942704,2.01583180249873,2.2117179445081097,-0.42928655224232265
0.740050786455491,2.583508664251141,-1.2649964696730767,2.8732936640089473,-0.15601624911143175,1.0744144374248479,0.6328455609366133,0.00027611636145463,0.6719281120993271
0.7203154866101075,-0.6715970225286292,-0.7532823978705161,-2.6549906671887715,0.7935028418604553,-0.6539317337302468,-0.10469040822539524,0.7920823439466858,-0.7137757135848556
0.06261557798881696,1.3957946599442694,0.21216226156413795,-0.42502860548192994,-1.0015476259944882,-0.1802506082763395,-0.04265566065454935,0.43293615260927076,0.6916629077101042
-0.8359873711660095,1.5180110444764863,-1.4556511298069956,-2.4545173999824708,-0.6163181814417082,-1.0660028283454575,-1.5808060455790074,-0.24308718725458534,-0.7287092240444685
-2.016423283349771,-1.3809359253067648,1.6597700595113691,-5.09177121600942,-2.9589267073024295,-2.492729378544431,-2.770635390720462,1.199744534226756,-3.3549523680022264
-3.7621499731545684,-0.18783649408700923,-0.3977927422700729,-1.0016842890673292,-1.7871129566245831,-0.8394443896404622,-1.610074788196944,-1.6071331213559625,-2.050641840700261
3.0094995233211224,0.24075755509903782,-0.893315016369362,2.4543810267137873,0.5970997070998708,1.5591059017246545,0.9649905508302532,0.758196388078594,3.507627896149864
-1.6541144493733977,0.4056060654036005,-1.7703791954574888,-2.1319831642332425,-0.05537664183681341,-0.06798465266983696,-0.9380067444384252,-1.5282543742775476,-0.8231067914012754
-1.5516522306153753,-0.08341585045148017,-1.7644983395502836,-1.7193546733168488,-0.6544751363012435,-0.08357174244407026,0.3283285001258519,-1.8957406669712653,0.3307959292659019
-2.3988066824872782,1.5504182542974092,-1.4022802063310766,1.7785205110518196,0.7159562640060309,1.0002583569737646,0.5163447156076472,-0.15229797571137116,-0.19113230347559523
-5.942092808626561,-3.4674763499861747,-4.1274107968051,-3.7329208775789438,-1.9435419437104975,-3.3130181505189156,-3.804799700909648,-3.5748920924262593,-2.695489949345683
3.655418109964492,-2.204263521617722,1.244114439591192,0.7569681736743176,0.3727922588175687,0.22632942317159785,0.1450647053993071,-0.5610691777377714,-0.08675913294962549
3.581712731422087,-1.2021220036116722,0.9299362292534609,-0.3254871737997849,0.5748969779226221,0.25610171717276725,-0.06721876729726242,-0.04038392220354871,-0.17999281504392894
1.1009650463232628,2.4625929314618764,1.8485782165463074,0.9353649925393441,1.0957119971465699,2.0087735498326356,0.7269355318062164,0.8538710780800939,1.9687763331039143
-0.502106806164279,0.7504746487236962,-0.7444119101478042,-3.3193808136143645,-0.10637378530268304,-0.7530269420692539,0.6088517351843833,-0.6483137338568067,-2.174015076585123
-3.188576191852458,-4.89724210835294,-5.080196377579351,-7.562585358146089,-2.1151342492573577,-5.196000427909647,-4.294946738813875,-2.9144027298828363,-6.294157548620973
-6.049636522378039,-3.4660445711200922,-3.7277983046731378,-6.50099675653095,-4.828176189078895,-5.8224588448649595,-4.178375956582201,-3.296625247014794,-3.823062086623981
-0.6622794647941015,1.4361043023270028,-0.2732540841261825,4.117672255049619,1.4906410555275562,1.2099235985159442,0.017245235631933635,-0.3380381463886222,0.6035194238691521
-3.660486796276514,1.2318193978766157,-0.13504989253599703,1.3395931377056352,-1.7903997611367577,-1.9248316222305764,-1.2399804806300503,-1.5767070989747918,-3.300693929473706
0.2912010079100793,-3.317490811640093,-3.2073992858339,0.15159427090981237,-2.194870004377675,-2.5047940830119995,-2.924633593148289,-2.7366514046487977,-1.2863634813698077
2.2020295598456907,-0.8191427495222924,0.48443230687404765,-0.6918760183879934,0.747094730584626,0.04094577392135867,-0.6724468134296724,1.2335414299755543,0.8078001244828086
-3.249974585550055,0.9704963035423957,0.020627765273181553,-2.5294364547582897,-1.0961368109053935,0.5677515815935514,1.3088176882022828,0.7199707368202414,-0.21408147339018652
3.3211255680220297,0.9101241943821937,-0.4542558807574793,0.2655258619421792,-1.0260275204392781,0.9210571649995467,-0.5749899292228188,-0.29631258998057713,0.5945101440486068
0.5326465372664684,0.23761582479706275,-0.9111347710428039,2.3540091860769627,-0.6399901269684093,1.1122605987263767,-0.6485768905130712,-0.3693268803028216,2.53328271430133
-0.30652214896313446,1.9463399233069694,1.2736002523009988,-4.5065780045651245,0.48639349570456725,-0.5665846742529591,2.4564508401107457,-0.11100017847377741,-2.2230549302062705
-1.6846725463869197,-1.428919057504942,0.5136678189347839,-3.450964314656761,0.45990562871627216,0.6565448510422013,0.8815590781007726,-0.7167483796019903,-2.8861670545769624
6.531276259564712,1.6781185136109509,3.020530137848637,7.31415548912612,1.170987251874283,1.2665020802610303,0.8506464110974226,-0.17199014319677108,5.595980300847045
2.2116356437140654,0.49765204355807385,1.2064735401489624,2.4267253015540877,-0.325912265119382,0.12823956692391675,0.9238538708143479,-0.8017642718508878,2.1436410226061264
-1.3362594559824492,1.7910189954195337,-0.6828046592005514,0.02937200416965191,-0.05266181956871597,1.3763169104262654,-0.15191837930008273,-0.48685987990300883,1.842718456126446
0.6766142283533396,-1.0569698627577664,0.7388687172028536,-4.350625498511684,1.5491395500044232,0.43053425984716764,-0.42187906896063326,0.4614551373090125,-1.7060023709701566
3.7412168263018692,-2.0593446682736736,1.5941303468816421,4.914259989382144,-0.04386664682481862,-0.5339520482188337,2.100209117895307,-0.4909498808360249,6.317938648119891
2.454566174451304,-0.007919890310361142,1.5266563549315322,6.78101084672554,1.272873297082183,3.315403661676339,1.7465554331829758,0.8439545113344236,6.623460850347449
4.018874388944488,0.6012063930995429,2.514772781421154,1.6057783481889847,2.4170943918126184,2.7031744599048837,1.3639911492339567,1.5809681791983703,3.59637904374325
4.1378120003763375,-1.5704506598347783,-0.2860565112523774,7.085265919434272,-2.7270099783939363,-0.5101540741724191,0.05969384319385284,0.06357681553575045,4.665016763821916
0.9038241415959976,1.1934288373412028,2.000012970535813,0.06846581954274081,0.9828577269539229,0.4916460849809387,0.3688674995592627,0.49714558667737513,1.984757223051365
-2.811745269518953,0.8257609108939269,-0.5477950482537042,-6.473468292077203,-0.6930747417933161,-0.0032145479259330974,-1.5125484054140166,0.1253071959293055,-7.819996605035018
-0.6388481654103105,-0.6072470051360089,0.7340243715358652,-1.2619129571230052,-0.46367900567594733,-0.13975283975314387,-2.054303638968591,1.010375777335708,1.202183299335526
-0.8579109268811409,2.5921865866489697,-0.2720645381050507,3.816444210503498,0.606098446568153,3.0641358914327257,3.016060797018349,2.5311005246354887,0.6236101878970449
-2.2037606833910712,0.8852992167331947,-0.10555415539221924,0.32390966904949364,-0.848879458191721,-1.6039759487008602,-2.5650220960132017,-1.012534553364871,-1.2246180804003115
0.2913690801833527,-0.16826254757212247,-1.1234978708351206,-0.9097107747493045,-2.722552677454484,-0.6331033492987869,-1.333058526018424,-0.8706452919522812,-2.4779761786635763
1.2193683825818822,0.1649854899765469,1.6699494403715893,0.5618044881424404,-0.7688003549780835,-0.14992715019844086,-0.5906212087214865,-0.15545933854954275,1.9933990996776743
2.1541002339234234,-0.6212592253407644,-1.0572046308914542,0.5646751196248667,0.013261767953081316,1.5423155914031585,1.668729910404821,0.8637973293975486,-1.3250747895573711
2.06530023018896,1.792609372378725,1.9967011778758803,3.17063871272696,1.3385529965229745,1.8697129672562018,1.5654909250178908,2.4809946898191018,2.33832523844589
0.4585998776358847,-0.7543169901745062,0.7466778558495843,-2.6574255622670524,0.24110774051684114,0.47376309709063946,0.36750899507000034,-1.2745730325118643,0.1445470446013435
3.8119894985510006,-2.5824454299391464,0.6711888795469696,1.2425574874501066,1.6142013453252553,0.7253653963440034,0.4282652895465431,0.035038006454226577,-0.7527080908375035
-0.5828740176707461,-2.0386538587783045,0.6867013911802087,1.3796920034146258,1.5908803767122126,1.9822594452359796,0.06042329094201714,1.7703123021185623,1.7420974841090353
0.49550358271352135,2.1713465428677825,0.13334748290429976,2.568158946757474,-0.6764515614909408,1.241836479983794,-1.4463871240270567,0.249099020926575,0.5967202818772285
4.331041435471386,-0.3108775387789379,0.6488035578312666,1.0170967405042752,-1.0463139688910843,0.39795656885662045,-0.6834062487607939,-0.04808954857075615,-0.9362215937265781
3.003663875275918,-0.38209631514004266,5.4893356177537616,1.6700962793263667,2.562951374323424,1.4067047417122815,1.6434735462234573,0.18663873580599988,2.4284444461969117
2.5326507659085276,0.7641304863418604,-2.9567674057837197,1.7700509934167241,-3.289411987264678,2.5605053874784827,2.7886501186767636,2.3570797219775943,-3.6789893186833633
0.8274673621129028,1.9777732908811716,4.033953029241641,2.046297191979328,0.7758898195035717,1.8600230016896908,1.6707647414293378,2.451417139308108,3.4286991784030665
-0.9396184610408221,-1.7368910020156292,-0.6147913924600649,-0.7696856827467089,-0.5515092583468354,-0.9852350016980613,-0.5557930882540864,-0.29969269132823717,0.25431461471156247
0.10665730202743982,0.6999903581515065,-1.3190469233586426,0.366414809056046,0.03574436706516204,0.2057517189998794,0.42443317029572636,-0.9091109607161073,-4.7280375595118915
0.40822659811035034,3.5320713880110723,1.7177590878072657,0.39697667511581,-0.050167537733300405,0.005551825888199158,-0.9213330036104298,1.29169041163911,2.1418209174698446
1.8129698019101739,-1.1730149950845297,-9.801711369242044,-2.529051528893549,-3.927662215561468,-2.500468934565708,-1.4871155694756093,-0.7606108937714413,-6.982021915551243
-0.4846892668941172,-0.1781217437637347,0.6905542571266401,3.6436909636539077,1.1140457648309692,2.240142000343399,1.8036813177867819,0.7507457686289711,0.9333996364296038
-4.209525965728703,-2.293304057297551,-4.096170606876319,0.2907044622679836,-4.292790991067619,-2.144695187556465,-0.7553395338352848,0.6307154855424076,-7.73435701126258
2.9050839733524363,1.805970389463457,-2.153306412425649,-1.150711998062272,-2.685326239017209,-0.4979605613002741,-1.453021902489014,-1.159697828446299,-3.049789396966459
0.8450992080929487,-0.9008386436260966,3.254344986745641,-3.151774238864591,3.5191276346918876,-2.0252317166596616,-1.6373201364794443,0.4355136912866088,3.644422546864667
-2.296061484518388,1.0941254683730566,-1.7208608696675698,0.13549635768171864,-0.18168690403919482,-0.4942121415196672,0.14484189373738351,-0.038897336517744525,0.025057397085591085
1.5339654294148428,3.3258106651598935,1.2755928330011457,2.7050143191729865,0.4450544556189009,1.9560574132684057,0.4686621163353222,0.1609134062544072,2.8279884476446933
2.1733170313772194,-2.592181872088334,1.1134166402958163,1.1201438732431468,0.7829670950060299,0.8187504366599532,0.14719065886563584,1.4936288140480631,0.47438975055395843
-3.4886255084451454,-3.265752161129272,-0.6476522883910412,-1.092923478526794,-2.453218106009109,-0.9763073037829204,0.5476186391716017,-1.6267632094667168,-3.127601617353708
0.6718314352414977,-0.6937577476087451,0.9386878791416955,1.1141569534172289,-0.029296124368647654,-0.4747246065679187,-1.2049088522205311,-1.1227788409814483,-0.7377261616951568
1.9916747230577405,-0.24386197018019332,0.4402304960658223,9.901163695257884,1.2975918797406265,1.0598177170895686,9.660305642856631,0.001997700165130782,0.2503868737720471
-0.3895245585021001,-2.3574684348539323,-0.9349098128163575,-0.41349535812865745,2.0012187086108137,-0.237993954457652,0.2842566229328152,-0.23172269616449712,-1.6296926760721067
1.145474212597966,-0.17670514011568175,-1.8523751079986945,-1.654232140527902,-0.013059331634700577,1.5299758180871759,-1.734629717405765,-0.3334050176964019,0.3760879072999535
0.5763999320289659,-0.012489886104817913,-0.3448770425532348,3.602273678371529,1.1114650131331274,-1.545929459530819,2.149854671878179,0.23445712330089608,0.02951863077352808
0.4102806811195445,0.21441838458709325,-1.815545319879448,0.455041561212271,0.07466466573236663,-1.3367383378558517,0.01623554732286378,-1.5252629117978114,-2.338882908951691
-2.717748210699172,-1.1244762997804003,-2.059993690108759,-3.9313212370794344,-0.44525689335542756,-0.4964841327614089,-1.594471723058807,0.024459179083956333,-1.2791166412337835
1.19744366177847,-2.826897548443842,-0.8583523067532408,-3.0864751960737333,-0.974981806712399,-1.322953525668075,-0.4540305739132526,-1.5470401507899934,0.02843290768655056
3.3644320507768652,1.1799748552363802,0.17416738706600382,0.03997033628148361,0.3008095248218821,1.4670483980392706,0.7646057078674302,0.35969967104820033,1.1691942761637955
-1.5458477637835852,-2.421196283511603,-0.7583082922148487,-3.327492652449363,-1.5850082774118728,-2.455349280080703,-0.46088115785188416,-1.41654875850145,-2.151939380223685
-2.0458155387692454,1.5811844354917766,-1.123028236996407,-4.277612451750212,-0.33801538247586327,0.146763942029885,-1.6773891269574681,0.39360339152686075,-0.8471737967463728
1.6109450731495736,-1.3034804224522045,-0.7611863565592747,5.215489925706866,-0.5249065357567437,0.8621001349065154,1.9422971905154782,-0.6385068596005795,0.8557037693359093
0.5563267813012192,0.325346932259287,1.69412321470667,1.310681550669049,0.809660799372792,1.7417341586527473,0.6810083849070763,-0.27864023259025505,0.4214035445351851
-3.54002877531866,-0.40137895451970834,-1.3355378268471885,-3.1010473313852893,0.9039800885874226,-0.8449511269473122,-3.4690479071199567,-0.028147516937890145,-0.8604873546039975
1.5508806543679066,-0.5515001404335584,-0.657831786299907,-1.893576085467598,-0.44372223629133717,-0.9829412723890473,-2.0861278591615076,-1.1779832873782634,-0.552143678302321
2.609515562751222,1.3294116617948477,-0.0907540045522483,1.0504920110932372,0.16002478972703882,-0.24097882272753698,1.0749609508596394,-0.05019059621919487,1.5018697045337221
-6.502063468182361,-1.2649306282673871,-3.4067094288864395,-2.07559116079882,-2.7595854274500904,-2.48910647669716,-1.8369744557526875,-2.881704760842783,-4.227698241555286
2.7011830763837006,-3.5979560559895654,-2.7762672018227192,-1.639203105243919,-2.8181928246889645,-2.6622108195072083,0.854787850100692,-1.1861886373167365,-3.033334101026335
0.9076056445585344,-3.336295113989269,0.6874075146426737,-1.4798061609084208,-0.22328358973652773,-0.7988283873783505,-0.9101137686368836,-0.4703257173759251,-0.9263687827406933
-2.3969204617546698,2.2789230995539613,1.5897913011255678,1.3198674312207996,0.3466182946596259,1.05572684327658,1.3097875872732159,0.6916631029782753,0.285273525536115
2.770577746644994,3.762560617838213,0.9174776028274914,-0.4434967777771721,0.6173890035475108,0.52887404044166,0.41050059122978816,1.5674763518160266,0.8092436965479913
-1.7171671477722663,-0.9739762589352553,-0.20519597645705068,-0.8660052203928715,-0.8996772078083262,-1.203897804515988,-0.586602823189126,-0.835957387402135,-0.42869893796178576
4.120192543876149,3.538658212427952,1.458953001595943,-1.1467004880499019,0.8996163216093335,1.7567329909163814,0.5466068893886458,-0.2253594557061549,-0.7011214343775223
0.8156294247610085,-1.2134286897349835,-1.2053630965182254,4.136139819549905,-2.360799331481903,-0.5980517654684272,0.6675340232250109,-0.5805576400885436,-2.2214276565557682
-4.309554450364747,-0.6691694903103694,-0.8393729620160715,2.383018015458364,-1.0779468299900827,-1.0482291401290964,0.8300609969628818,-0.4431142298276944,-0.33970504691706255
0.7733894802593511,1.2252395141288035,-2.5387378441724255,2.3313695807992714,-0.03700889320455448,-0.2573075021632806,1.805698191587207,0.4779291762306619,-1.0762306728108055
-4.770745157095705,-3.2952358973432383,-0.9944310973746502,-0.2127460818390826,-0.5450350962970418,-1.7076889403006097,-0.9151743500886719,-2.4931384768510436,-1.8961147801279046
1.5550139264715024,0.5587761127460605,1.7047148618051566,2.7440333500970553,-0.13765992485915823,1.3298585409173365,1.2947294009795844,1.6742536648586477,2.4416543183521235
2.203710731378481,-1.6292147127146752,0.9959118206059028,1.0907333550619176,0.2556760943903341,1.6218166976608486,0.4313946865249143,0.9571247995258272,-0.29161221523397024
-2.0750280438540245,-4.4569244465104685,-3.3188943218063818,-1.9722338374079125,0.23948470916090847,-3.4119585591473003,0.26334098976890474,-2.19970871612436,-1.9199235267582524
-0.06166029704713428,1.6234646639829935,1.927646219551468,-0.419107601239703,0.31314818700890834,2.5871202500948813,0.0728719951303015,2.402406949208959,0.7174607602342478
1.1002456400381344,2.299793996282229,0.058834995199422424,1.2287946459168024,2.0750056636139975,-1.9999839885767565,1.0639359547075127,-2.7740787445590214,3.0013746704626847
-0.9975536089209087,0.5639285826550816,-2.723219918485551,-4.919663583647247,-2.1797417220792266,-4.348966884107652,-2.7364392757823914,-2.3762420804399373,-3.347793111246503
-2.770367618530498,0.5032883123265223,-0.6454491352467011,-1.1493545232926137,0.025283554545887203,1.3118230590550324,0.616437449493645,1.07098485212156,-1.1156593049285484
-0.06172603064387428,-3.45505766213882,-0.27709973870310595,-2.8009301116588845,-2.297466408443178,-0.49691081996346886,-1.2855587499503673,0.12812266932995575,-1.3619842340122068
-1.5190214685618437,0.3518865927749617,-1.8612029260036063,-1.3872069126427222,-1.3276785420854493,-1.6815020521730444,-0.9045456718109404,-0.571350013713391,-0.903196298183538
-0.09536760146173869,2.3720430608858196,-0.6339114512489692,-0.47326794176439213,-0.054039957427429834,0.15462157621678244,-0.5222379278015072,-0.3010870387481437,-1.0233311461854118
-0.898261482862709,-1.0441274671850134,-0.05097540726789479,0.3212843009181152,-0.3896657199047416,-0.3531666096608795,-1.2488291770373812,0.154975244304196,-1.6371466551926392
-1.8688984662502723,1.2470264781104656,0.7376767303895071,-1.5316320211289753,2.3009940992867013,0.23660659588309432,0.3099043543790546,-0.9028974733242269,0.5633518868371123
-1.787203136742753,2.0183872228724105,1.497268504109278,1.3831839969285975,2.6530319972381164,3.26600918471552,2.124176106413677,2.310073658611443,3.9140200836626815
-1.1557875790942658,-3.623190408061941,-0.584870352497801,-2.9799048806540065,-2.4498575787109025,-1.6322668173086041,-2.3646631325308003,-1.4537328464041845,-2.346506638188428
-4.653635124035363,-1.153041628151434,-1.0196370379051996,2.2479039497551074,-1.2012897393680806,-1.7880859179973487,-2.2079329787254673,-1.8683515612455297,-2.3577006936439115
0.9760633137330704,-1.0914832679700541,-3.04382451151357,-0.46161275607858854,-0.5220118884287437,0.41337941712092907,0.6386029194794517,-1.6128451402580555,0.25137333460468986
0.9904092604303306,1.6402005870969747,-1.0875012229923118,-0.3069580827195944,0.517420415242235,0.23252048433967157,-0.9585081245269756,0.05497529646421514,-0.15342310867562892
-1.3262909085230346,0.5996055385773531,-0.10217112654719798,3.5230717143403445,1.3722061647543649,0.8465616545155135,1.380511462350016,-0.3442471124657641,2.186781924467356
-0.1562415324586012,1.884699459890594,-0.79329310936444,-2.309452234951313,0.16011022351208726,-0.25661330345100675,-0.5341941191677456,0.2752566840170508,-1.2030834183281183
-1.9638476612405515,-2.001354984347343,-0.4716272493126135,2.352918250527133,-1.132573675022678,-1.893664912984263,-1.3982548550683176,0.509021835070034,-0.5976044091562367
-4.571069857493526,-3.676505320193897,-2.8986245126664194,-4.224129326467823,-1.212456445973039,-1.427172977737704,-0.5557477373991565,-0.7649990374824953,-0.5660377896099995
-1.5079578957514828,-0.3404524132833012,0.9270063161425757,-2.2338447710764338,-1.3478107858411694,-2.091820062072065,-1.985691494339622,0.4151554972053644,-0.3531532984721984
3.398836025785406,3.4502257999106445,0.22204639454404168,3.63770100561981,-0.34358623968892,0.910221335956593,0.10102875329082726,1.2877493972956682,0.6918705487432613
-2.7971549223099395,-1.3094050010140426,1.3818673339206287,1.2542731264631803,-0.5513561046991857,0.6176761055877477,0.1221965965518703,1.2384237727990122,0.007000193779252274
-1.9646137864357938,2.762297785038459,1.4571811651107796,1.098476014797456,0.0826246762861143,-0.28409021427219217,-1.1024353563391116,-0.42065637321529664,-0.9112075749685207
-4.089025991872102,1.3629290966458472,3.3754746184158035,0.750382537776737,1.2202620705097071,1.7120302283411435,0.21345900431884315,0.4363429805214436,2.177256466159483
-2.26004805698456,0.6533578575299854,-0.2926055713959018,1.2850310115799355,-0.9050416722950061,-0.40140476288775934,-0.6332271613295715,-0.03694614866399699,-2.383824162824216
1.5229264082546634,-1.0750332959523432,0.8635967004063823,0.6640937768079181,0.9911157666295125,0.32528599946433356,-0.4160364677600859,-0.5200937347196386,1.1710085717277026
3.0925363882543686,0.8423139555648771,2.2299242997761377,1.2837728571778306,1.3674202822987453,0.33451973741264607,0.5384135974228655,1.2047987517057213,1.839779963478103
-4.982033550317604,-5.3485995707021745,-5.855847765306127,-6.632458406510645,-0.6237658331483509,-4.9260696359206735,-6.068584773381396,-4.980485245484283,-5.068775754281844
-0.004522930439833548,-2.406574715164215,-0.5692906053781288,-1.0651777508536031,-3.89497124398051,-1.7979897789745938,-1.7404908293519041,-1.9890424302026433,-2.1582327594537842
-3.4832635296420635,-2.3950678949204693,-5.090856775718702,-3.581754592746182,-3.1954688773940725,-5.461528403761185,-4.35902411331174,-4.1603594964338,-7.131312470730988
0.37556636575102686,-0.35991465251609817,-1.8470237985745805,-0.07986678858239143,-1.8202912970198462,-0.43116128019852046,-2.546869159503401,-1.1117104461355487,-3.170650768540861
-5.006845729664738,-0.9260107900898489,-0.6022334417976389,-2.060230705815397,0.04098658345450601,-0.6992703953495156,1.017821765477239,-1.8515496094182828,3.625783833088093
0.9020667677375824,2.7113085780034827,0.19637872791033179,1.7621132499634935,0.7700581850281943,1.4919880937119312,1.6408923715899795,0.4714727133686042,2.440046946166617
-4.2280431651669925,-1.1248243526470147,0.6012690323217937,-0.5721451607480523,1.4786956752263016,-0.40867084715684754,2.7990451080323906,-0.9551120407292212,2.2015607133630954
1.2493917670618586,1.0631919539024768,2.281823192261125,2.811381871643382,0.5094102512373391,2.688813899219056,-0.6293701988658518,1.1298114211352095,-0.304561995575535
0.6774211972580496,2.7612739128954353,-1.2679329865686157,0.11474363038331867,-0.19249662411067353,-0.1276259660297431,0.2827589281387095,-0.8440543495201462,0.5537172184233615
-1.1212974171000112,-0.2963477839975882,0.7989193424645291,0.6409800062964924,0.43313299683125855,1.7294435320227843,-0.9279140752233717,1.4606001959090218,0.9570639827919184
0.4823744917098576,0.4988646224799181,-0.16373053282593109,-2.909232612224455,0.6907212407629681,-0.24981418434618344,-0.7851579984607107,-0.7297689045285071,-0.493889000282781
3.606034447435754,0.8442332649758553,1.4209079773562885,-1.580862910958606,0.7421164909635509,1.39013222327195,0.8493689466158197,1.048766047543079,0.39978800027400596
3.6974445263514477,-0.0964914284561921,-0.7936424668435771,-1.9686779261013525,-0.31892765285747743,-0.6379994084353288,-0.6475658874487509,0.4365967335387616,-0.36057036944482845
-1.5033643024395478,1.7621189153252954,-0.8651486258144421,-0.2408243698628108,-0.74739241100346,-0.09410684007383716,0.6779979691602164,1.2741493056530557,-0.9081387416477245
-2.2554379757316325,0.29348082366869394,-1.3940091995209563,-0.29657802581688963,-1.8857855225128013,-0.12372883626824563,0.23138214602517826,-1.663113152647487,-1.931776429414767
-4.135944538097151,0.33256939804079627,-1.9218861615993201,0.9323051161652953,-1.506370288169212,-0.7205998861815355,-2.4785993772147354,-0.5962687619333553,-0.5134516882813673
4.00107209345997,-0.3951939757263258,-0.4213329492729404,-0.930607676989362,0.6159852058227451,0.510623092597392,-0.4626429930025823,0.06181559115472047,-0.47906392675116144
2.138873031412118,-2.760989058605133,-0.6329769572709938,1.0838778928470651,-0.12464656321919981,-0.6123477638805427,-0.8429285416555025,1.634695754020594,-1.5522912882522155
-1.1703201026610526,1.9711039040378728,0.9848886486407229,0.572238468830339,0.8813512153612568,-0.4455837497487917,0.19677050056389722,0.46345670761041247,0.23094492136502034
-3.2887500280676445,-1.778928919465666,-1.2615788508299277,0.4756115771940535,-2.633821088373545,-1.1054822580346102,-2.007540894557143,-1.8753039778055238,-1.2347206641079425
1.159001770141357,1.301681921603838,0.46148681916412954,2.040377873126683,0.6680344483442973,-0.5946553130325021,-1.9770102458888514,0.47806953699010446,-0.23747082625449606
-3.0403767384191807,-1.336564048603964,-0.059309309310557,1.6833649970586422,-0.32614331377946265,-0.3819143651611905,0.9051421511414437,0.018421991250832936,-0.5571559374275488
-0.7102252793218126,-0.6409848405394598,0.3230574867982629,-0.18825851335163818,-0.7006470067631678,-0.3368445433685556,-1.3464838574164844,-1.5095465792421767,-0.2853593528486637
1.8329672381747955,2.5517618976774106,-0.015443479886756817,-2.081343730703086,-0.5595201072575985,-0.08398333417561873,-0.8772122285682332,-1.2549766240307232,-0.3578555116386143
-3.855896744448388,1.217737131905292,-3.9759063310048646,-1.6615092421688784,0.9343223750174372,-1.9174582246340606,-1.0320579601776918,-0.7708870588758328,-1.253659148350443
-0.3829323364442403,-1.1869143624473546,2.684071068361926,0.450322013432692,0.44965642200013917,0.49897764268581957,1.6903733859958774,0.6626314962766877,2.661199696707265
-3.564883011674435,2.408867931121388,-0.14668255215514125,-0.5372489082324429,0.997510203813897,-0.5099752917327567,-1.7020680598791025,0.27275793103538937,-0.6031024752403166
2.3929953922048877,1.054899022518854,1.9199152718054133,-2.7913236583682335,1.4359223213264152,1.3893951885825044,-0.12625737364648554,-0.045228299091487234,0.5087074914942056
0.10608692472184905,0.2677817750904432,-0.4868512679589288,2.4312964873597247,0.6970685752165964,-0.2909039830891228,1.4124594025240231,-0.2146986499454292,1.4963799198513001
0.3151304535556293,1.3487259210395734,-1.9418575253641628,-0.7184309515914405,0.7954179207999224,-1.5907852130047384,0.05078877343895615,0.5496893850764104,-0.24509387472032151
-2.082489373035504,-0.34505129407904106,0.2138639000628212,0.08993625369380076,0.30731414778438526,-0.08901347999735908,-0.28470296187538285,-1.0911379802469638,0.525862750810624
1.2777919832271725,-0.29730054024432917,-0.459511347076414,-0.6227495430577842,-1.1802792913782656,-0.37772365132102964,-0.12520492112244708,-2.0353981776147787,-1.467733058301422
-2.425119737381589,0.9651792020844828,-1.6464330960521023,-2.837162017742307,2.3974052201237264,-0.81482494020411,-1.263788996276981,-1.88492153805268,-1.165383754195421
1.878021828910264,-1.636322997235905,0.9337176814457877,-0.18548950435541528,-0.05980078725303006,1.6566624306325313,1.427064913745267,-1.3106278025930465,2.829423358687599
-0.5309277759302705,0.028539134144437872,1.1741328694491884,0.3031086401910973,-0.414008014684413,0.10874204514174293,0.4649143181340094,-1.2676280732699476,1.8187839195905062
-5.667576214604821,-1.7248422033151338,-1.4407628526410303,-1.052450625328759,0.6912234676018082,-1.6996268159359884,-2.4920207418771048,-0.17798567848818764,-2.38486199458766
0.4271769528381804,2.9694682374890204,2.332412840349206,3.251289702271578,1.2009159736961705,0.5023478914752675,0.28654842947583015,1.1284138410904783,0.7317801182053704
1.6690480924709385,-2.098976625248145,-1.6288813552114605,-2.7980473466539935,-0.6797570059454032,-0.04847596209155489,0.6954739903680599,-0.9465619263457362,-1.9153918821860052
-0.16390280573450633,-2.003182851291977,1.4756818839381753,0.7926852531601414,-0.8384788972096007,1.977744153626442,1.421570733539408,-0.4892029111091755,2.084543836273462
1.0513969896007704,2.4497235955371908,-3.081445015145033,-2.253009673254802,-0.9461635431516029,-0.943498280651815,-0.2686731937501323,-2.5004407227452443,-1.8507406636322827
-1.9507728223510605,2.5567018480189616,0.08198825987714259,-0.27300750134892887,-0.09083037248847409,0.9422412776141305,-0.6320064843208331,-0.4752058222903248,-1.2371595112619773
-2.430563223202108,-2.345132104318764,-1.8710690669554548,-0.7275276014478804,-3.1738044765596527,-1.256860712928441,-1.3557326042752826,-2.1904866775511067,-1.5555292133323084
5.072323760392415,2.6735268622943362,2.3458751036257848,6.6045578628101556,1.9214910490015211,3.3465986983574947,4.066477080203767,0.558491979385761,2.3326284704012332
2.890134468025899,-1.1168566701370057,1.0435378095653778,-2.1192432507625463,-0.9764885168997616,-0.8351878082340456,0.1642225402921046,0.3534709461112726,-0.5594747272484385
-0.32906965080839157,1.9971282076947228,2.4885721664029545,2.0036451159914517,1.679341122489654,1.209543386261197,0.8094120421262753,0.8853929784797059,-0.25256061837580135
-1.6129436593286206,-1.659287892392848,-0.9040337805129455,-0.1270390339982122,0.4632907674973321,-1.022855257878205,-0.558419030350412,-1.105606728105667,-0.14016597277732717
3.7020450154094338,1.7496396914077668,1.202355959300719,-0.7844017742609282,-0.0031709574720280576,0.27423226099904807,0.2701010327553127,-0.18876843187472886,1.3008786498397442
0.058609573521315315,0.526232745446623,0.7523650550900973,1.284157047521589,0.3072947457508724,0.09565347511079403,0.8989015387331588,0.32225497308536466,0.5235222432235691
-0.5833609057017572,0.6089196557586846,0.45957262543052135,-0.8834409378483514,1.69098295426565,1.0263616858396192,1.1715438577773378,0.044846502275502464,0.8990789573285854
-0.988026939661358,2.2547749605020524,-0.9024745041751756,-1.0362837088170755,-0.7146932473996063,-0.5841233590037138,-1.5210227042679234,0.49604529207275927,0.23869412783528982
-3.298033753122961,-3.273156572113468,-3.1734754589156675,-5.034412990311292,-2.263722500912595,-2.925917668970914,-1.4723472368367723,-2.746776246601742,-2.773160045257015
-3.600052477013087,-0.4195970438774219,-1.986326105555152,-2.656585393796511,0.6858871630359382,-2.099974490697783,-2.713686155758167,0.13112989031906858,-1.922886917870256
-4.896592756449962,1.1128237644470065,0.552834147580809,-1.2182454508087204,-1.1617503490554846,-0.8449850543826267,-1.362452088656464,-0.6755812959217413,-2.1288747548211866
-1.032574539748252,2.84530897682109,-0.18394576551822936,0.8830942924311591,2.748581103641839,-0.5233957553612496,0.5727248888770514,1.9633921159798458,0.7451704753724844
0.4354285122242244,-1.6400251914919064,1.1662867277431006,1.7510068131626035,1.1579477039083268,2.0451609082682873,1.4600869640943326,-0.21560349211536844,1.991255824014611
0.6194084480111113,-0.6099098293908887,0.5641685446669922,0.9144749869990048,1.6457988115855968,1.2255803295796939,-0.553573072345516,-0.7568254342612006,1.3409984386408296
-1.5235625194159772,0.45520648211228815,0.056161132096041455,-0.07371735659290812,0.037930090962870935,-1.494195854065673,1.222155062860489,0.18461154876095764,-1.5641300347280933
0.6993712465211932,-1.2217429421124928,-3.1260499424321715,2.8011018602877034,1.1657855653901343,-0.6173414478632719,0.7913239615010513,0.9475131792066471,-0.35965065354847753
4.762834408286829,3.0120051707865185,1.8089615418389555,1.4928068367679552,2.387633134405754,1.9218672105093513,0.09079257025084662,0.658737771616199,0.720194030676577
0.8509828686755901,-2.553639496688204,-4.072992387565605,-3.3260272916082547,-1.0185568801396117,-2.321332629100661,-1.9225244100609793,-0.9448082884943515,-1.687148956372587
2.34934083856982,-0.5911939918868452,-0.8003050419082971,3.0504308219454384,0.6796615648618552,1.0064869510681453,0.9280839702603425,0.2090701315453577,0.45824717777708546
1.9344954668051557,-0.07826272830157757,0.5633383910035895,-0.3371225286549266,0.20510399035205457,-0.7010913002910965,-0.6185389008491943,-0.7417447882998371,-0.781025315373249
1.5114187505912626,-1.1252133790034473,1.7430739256765277,0.5321946646823271,-0.1000111336788692,0.06235329831605316,0.7981720237435825,0.016447101027401656,0.9262153633474105
-1.3820998133413678,-2.292552138338696,0.64067345442909,-2.054143932071158,-1.5107441594134379,0.2103915851711923,-0.36719176103724105,-0.1805069571464808,0.13629981959892304
0.7887790554338513,0.13723596299790572,-0.8288572103678349,-1.5132740988016682,-0.6657534957466299,-0.8698812722775708,-0.3176316638842538,-1.5085835284111857,0.25501643127622875
-0.9076278171366122,1.2788939937153045,2.7687331024402173,1.3451297139110692,1.3614358392371968,1.0674825928737557,-0.033312686954786515,1.4815267585093437,0.7084455985412135
-1.1521983310549049,-1.4000297155388421,-1.3552138704889085,-0.99209339394201,-2.4542835031577104,-1.8164054552620583,-0.8846433947009481,-0.0011132053706748302,-0.20724558284866929
-1.1667876152823649,-1.22379571908076,-3.4261120777797496,-2.357640409562006,-3.383480985494066,-3.3128501940669266,-3.2161913360696266,-2.303940235788046,-1.1724930132310853
-4.40283863600285,-0.0901936600352378,1.037809823023487,-0.24056923230114297,1.1297755902437816,0.02700781912070329,0.08433453263280753,2.3539498082213286,0.9890854454849853
1.7736136662896766,-0.7832200592301565,-4.8247349428631265,-0.8580476941881899,-0.4392180226675805,-0.26803182185593866,-2.09196401768374,-2.0068181613111102,-2.715231336927743
1.3339658869387492,-3.2194375072725543,-4.483078143038798,-2.2878987586395794,-3.1230327190057166,-3.6324301789211515,-1.9566601162255874,-3.7222628168218668,-3.0387487708324814
1.8678553630698602,1.8582090067757209,0.9178830720510849,4.521144524057837,2.2252989942521983,4.494452992577406,1.5692470634669002,0.8959877567888623,2.162977309538951
-2.7302431467732626,-2.6123911556602732,-1.1602179923494964,-0.7812714886873627,-1.547077203747475,-1.4575462460227069,-2.633973895427577,-1.723246885685013,-2.7037050203700734
0.3266107958472945,0.4396313013913827,-0.12268915935172786,2.4219208369696212,0.3902317193644288,-0.2528524609019558,1.4862492409925971,-1.733516456586546,1.3001320530329505
0.34532806090241797,-2.375520163772998,-1.654848240276732,-1.4667075435714068,-1.923877897274925,-1.4465450826445028,-0.7948135488243155,-0.8264373263577242,-1.4360500887659096
3.7221589447285703,0.4166184745093102,0.17250093072751804,1.10375092428466,-0.3393076515786222,-0.12241720620225863,0.1295109942096276,-0.5486939653894497,-0.6911837106293777
-3.2158422176589463,0.9485726131643655,-2.214944734591248,-2.423230391197716,-2.8810406303962903,-0.07785229580589897,-1.3805560134307207,-0.2198980219649005,-1.0092910067401943
1.2871015839296145,-2.658535386405651,-1.0213628463810789,-1.4102342600057722,0.16535998187268125,-1.8295467142653397,-0.3859828406681639,-2.053967891552851,-0.6851546001000226
-1.5089106100144785,-1.6935285672354607,0.9255066189679357,1.265618795718765,1.6535731168348047,-1.1283916931323523,-0.4235127686796132,-0.7442435363766096,0.11851207321616176
-0.4406107284265275,2.0299173076115142,-1.650479679396742,-3.0681413560475135,-0.7062898981711283,-0.058884530169371896,-1.841987669832432,-0.666405424001402,-1.3885843033227703
-0.8307103729269697,-0.7016835486674491,-0.6490397586710586,0.08517479024650576,-1.5211326950627093,-0.9320420595662218,-0.6415252161419729,-1.013961578350739,0.25360424960932265
-1.5135251219030688,-1.2146124911753442,-1.1864312326392552,1.7164536725069077,-1.0538617147705103,0.4330772295679803,0.2326747634467657,-1.256074226050936,0.9310854414390658
-3.1059404400379957,-1.8895246236922048,-0.6108452160346729,-0.5534546444564523,1.0158498201271884,-0.010700178346670808,0.2455725101718076,0.7392067230757428,-1.1329207180743137
2.0281091102588085,1.4648076671125754,0.33666594000399064,-0.6695113556127354,-0.06535303351207691,-0.9440185758943708,1.1189970025127194,1.0300437816124,0.024328916840235706
-0.9541463528345014,-2.22806152056309,0.18431296946908676,-4.353303951967545,0.09878685634356021,-2.1703429841088817,-0.6306246535852423,-3.0445118000564775,-1.3258558324477268
-0.8498093114478336,2.6388852024418696,1.0792498848761345,-2.7780066254957303,-0.44525974333799934,1.5801226837309692,0.9881396452467867,0.06038187556146645,-0.3011343246100574
1.9313881868236338,-1.9134572056765193,-1.4367386180876474,-0.2759504278962974,0.507591150767962,-2.0803038594586476,-1.071392521427826,-0.7947661896660045,-0.41031987226783534
-0.2895190285474488,0.05085985223334477,-1.276515658830848,-1.642090416844692,-1.4248377410860202,0.13192266220473167,-1.7273156989856564,-1.8250145201089933,-2.1002945190658364
2.7022646493451408,-1.5860393978261702,-0.044377142172846884,3.5954875900207233,-0.24560118073863235,0.6574351396427638,0.5674027018883591,0.3404667255661396,0.7202350300207842
1.9078504420387419,0.8444945480605119,0.10984660657489739,-2.370945627544741,-0.8005287733617352,-1.1047797169700397,-0.9696709997276085,0.19148564452272657,-1.1961025873783808
0.7049725923936813,3.75750701336494,3.0343141989367366,5.816487225681963,0.9038116195984331,1.3458344442749433,1.8514556533591218,1.534424136175269,2.1137535043861893
5.429862370067329,1.6482563359089528,1.2204535593784895,2.457644039981359,2.4647697951831846,1.9046143386147156,2.6512987080019474,0.009936639255531364,-0.010693301253813946
-4.633485126669521,-2.528011800076533,-1.8957628652768426,-0.7882032081348993,-2.617062817737125,-0.1912351115990548,-2.383093861890047,-0.9954094316821082,-0.05386222228851838
2.1142739877639833,1.7796041193985224,-2.2522805450968084,-0.44172909991574744,0.3745602169663531,-0.2970795461915823,1.2396735827452767,-0.6917491723961394,-1.0975953591262029
-0.6212680843216987,2.1540035362011296,1.2536559304810873,3.006130627696435,-0.47116363177495924,1.6379923569422468,1.615319456879933,0.37216835654166136,1.0666556291391611
1.5121286000397083,1.9682255080260174,2.8314084649025664,0.317087984814819,1.3564768199390094,0.30690433193069333,1.193328089849042,1.5752724849880047,1.3227662521778343
2.755052861263394,3.475499556346213,-0.2819049436438275,-1.552590539769876,-0.6346713338398957,0.7344011695131684,-1.0156059215141813,-1.3173440763949458,0.4913827677924191
-1.7351250610719267,-1.3414279977714485,-2.949424956214582,-3.303559685184615,-2.6389899646249324,-3.091337755080035,-1.6491515694078829,-2.159619465415559,-3.845615649326936
-1.9717922920718864,-1.1516968694809004,1.5276897096753261,2.808813955739404,-0.6648040346616768,-0.3471845130145683,-0.4085849074380985,-0.6488411711724392,0.4095467124225653
-2.3316097624627448,2.0868920108162903,-0.10609944756397743,-1.3088666517503293,0.0969023168853862,-0.2678937944399877,0.4511865794829489,-0.8435255532246718,0.6342545479657715
-5.922275339892731,-2.5067464642628434,-3.7520211457116788,-1.402179563984107,-0.6729640524703895,-2.488962021314706,-2.255443694587174,-1.2300410299994264,-0.8458558755840596
-0.39223537489727023,-3.8994582930895954,-3.89653212918209,-4.37113610876116,-1.1427584808654672,-2.333208825221663,-4.337020525607878,-1.3442890707983866,-2.515699799731381
3.5781679189111477,-2.611423588366715,-1.5112532113823107,0.9366827794051811,-1.1915676739043168,-1.622931755986231,-0.4394994481518297,-1.7963723127733981,-1.551072183934974
2.4691809722585605,-1.808652772893605,1.6913035613159697,2.106602484516625,-0.46393191938667694,-0.4586982327975968,0.7821781571594216,0.5169874159505676,-0.3632797797234018
0.833511890578045,1.6576365158229727,1.427056803479397,2.436737646531449,1.7992834912867082,1.8905377594455823,4.092286054104656,1.97688107041412,0.6793445561854267
5.293742096757409,-1.303092242230664,-0.9242223021023936,0.5403626639910448,3.5089523928998982,0.9505973325417421,2.4963953353360466,0.6309403590631077,0.668749401583589
-3.283365617711858,0.03958201534529951,-0.9990351209686973,0.9541403664186453,-0.04792890261886618,0.6012017980399149,1.4175923024219095,-0.27804421762497367,-1.4027290386005178
-2.3126492908121596,0.39955104277652614,-2.66590780387755,-0.7744485488413718,-2.1059685246702036,-0.6132894108053354,-0.17654961698557348,1.5317130685687856,-3.710845996457238
-2.16505685176857,1.2708195861792293,-0.4486877947172291,0.41157924917896743,-0.028055956934025572,1.579768634188402,0.41977019556169004,0.43653750196442304,-1.3658722755957757
3.465386377959298,-0.9267744744638325,1.0116658379498187,-1.478771773845051,0.40990413299238526,-0.4728511440663905,0.6980601242273808,0.41826943291437124,-0.9754966969507084
1.1070203972973678,0.05488408749986748,0.09346009323738402,1.2477090748883595,0.13144821842742488,-0.6364316105327075,-1.0362788289986413,0.4421473804026597,-1.0842125741301878
-0.3980320930599025,-3.854368338273678,0.6798433963710069,-3.673842483156543,-0.2874635878959495,-1.5827516347024748,-0.9493482643938852,-1.8360077223081368,-1.4299417689949636
-0.6874466909656832,-0.4179322489031115,-0.9627866673025751,-1.1768909348062846,-1.2932276397598776,-0.7800234248307097,-0.20943644773676973,0.06725253730680836,0.9862465754956583
-0.43568120217234163,-0.6143616215350214,0.783036058446126,2.4367222719835055,0.12022917394489196,-0.5549407485464215,-0.06704989927413413,-1.3329036333881543,-0.9296491557608395
2.3557717693585114,2.3706592276748477,-1.3512600092992446,0.19804570021433,-0.13656370440470672,-0.030674487487602854,-0.4203473625515936,0.4883557990319677,1.1400771435668469
-1.1640763593777432,0.1751941785166573,-0.3281454148154513,-1.4767377180582708,-1.0592812372649982,-0.5734803170599272,0.7605293557318594,0.00047797294075745816,-1.1553404181845561
-3.338428274198304,-0.5412800755887637,0.6553411844827535,-0.27969599181681515,0.18641884449811524,-0.024210793898729578,0.85280269729371,0.2564816385867268,-0.8305806127009943
-0.9894951470926419,-4.0367446753080145,-3.5711429525672718,-4.185511826165643,-0.9307492589539048,-1.4225562051301404,-2.1109549774276264,-2.150702918392571,-1.439857932677504
-1.1800177208105478,-2.935353991344809,-0.6080683823336068,0.4714492033121366,-0.13828971284347202,-0.3241280006530096,-0.3825987678756158,0.4991022940379681,-1.2674722748919014
-0.35399521745481083,-1.8055546420505033,-0.1717893253011366,1.3423758283423344,-1.533670873007825,-0.8678535844270341,-2.184262604195318,-0.08977196650922245,-0.2789524365549663
-2.2545772208788724,-3.5290645360831148,-2.133587172826864,-3.312867513957771,-1.3317789269328968,-1.7233261060515312,-0.5458867494519427,-2.4104993304336295,-1.187215654090119
2.055332499494411,-1.8633206938045113,-0.017584412030902496,-0.9655316383418228,-0.10378175268349532,-0.5868941221661347,-0.7371743199090502,-0.27215047914063734,-0.6628427630166893
-0.7002592927137588,2.6031548588194955,-0.02779890351014974,3.982524211739531,-0.45000101946142324,-0.8764188103296726,0.552746247738676,-0.19542092091687108,-0.6623273796330009
-3.334126054781742,3.102986907588592,0.47601724750269614,1.5917688919905337,0.8388640673307747,0.504895407522451,-2.8958641598317065,0.7941279414208801,-2.3299991250786496
-2.6267148025504774,-3.4742831364202016,-1.0529913416479115,-0.6430169775368199,0.1812410620332694,-1.5811937557948734,-0.5256760679432457,-1.374434353833741,-0.7388213518897977
2.3613964190522303,-0.799600869092669,2.2330405560726785,-1.8885417053785813,-0.4785342602594719,1.0945226106808745,-0.5250183500764287,-0.06805279487946286,1.0847214752427035
-2.5769714002472806,2.368752960710579,-0.11101273725381539,1.6478785385309382,0.4382528290226698,0.62551866262082,1.5688620960997037,0.1677966251163655,0.718949664706445
2.857145179916854,0.19749324745519323,3.1878187058164826,1.9483121035150486,1.0247578017728287,0.6294791446286365,2.901853593307516,1.3178340505351758,2.142861543008349
-3.48400486552926,0.4334545430229309,-0.84306437874312,-1.509439313686634,-0.038218820040782704,-0.8328271812157526,-2.5003334515047495,-2.502600726020988,-2.3195802073217995
0.244457243987209,3.9565368766318945,1.9669636339793963,0.6428653961533579,0.2984923697868942,-0.5775021595904163,3.253347982962862,-0.29262453314876247,2.888187588703229
-0.773990366379439,0.42924401968510495,1.1935791131021145,-0.6825969563295278,-0.9105875581826147,-0.6722425601952705,0.596179020763496,-0.6937274903466156,-0.8822265054003082
0.2762269011153265,2.1242862917538736,-0.1532436052812914,-1.0386356018685021,-0.3467916530385402,-0.3122639680029836,1.6427333980881618,0.16824514745849328,0.8522181949162536
0.38364501874001034,-0.7790545837500057,0.06961355068773112,-1.8905811037618268,0.09770668233354357,1.2317897834655216,-0.7405179650065833,-0.07457718225269777,1.2479003602060343
-0.07887767445261135,-5.404917452312356,-2.2648913996965616,-1.8854198996315634,-2.374627217895746,-2.5748596517677713,-2.6423239842493595,-0.14381496364201046,-1.2961300195471939
-1.6196946610417202,1.591945057818055,-0.2005827514948525,1.0139643760584778,-0.18505302875018526,-0.14207191463529723,0.500831558999507,0.24249382895547159,-0.41975178833792937
0.9685994475100947,1.6226966858805836,1.0203678173375195,-0.4393274472741581,2.3297356446349546,1.287280184008369,-1.1446999971296925,1.144461087585128,-0.47196921089548133
-1.973675844797887,-1.179742674549986,-0.5050780408518769,-0.10618879946735144,-0.5569466116666332,-1.2302580445029325,-0.13169298620217165,-0.6612758312605597,-0.054165100559155285
2.7711640836311497,0.7196050180712356,1.7312902566508563,-0.002831092509985202,2.3996616014302776,0.9387435726103108,0.8619143667071995,-0.539671198813958,2.3031324984113484
-0.5765141997822459,-0.3437175325087622,-1.047394539978992,-0.7786591503357925,1.2371179444040723,0.43846058449575726,0.546862929564115,0.3100498545205219,-1.0180399398398827
-3.240561984109691,0.17569076756392057,-1.9922082105352668,0.3822478378699761,-0.9415881558399337,-0.2640313651035494,1.989416980571704,0.46949383864719435,-0.33841055205997267
1.4734390879078945,-0.7225179649772465,-1.5472745747420527,0.2695073956222214,-0.5737995158573976,-1.095438280557546,-0.17442122426133513,-1.5567870700428503,1.202261652191146
0.17345652736755535,0.5013567074836925,-0.2737564825419328,-1.6176973592383124,-0.05586219691574054,-0.46069235328545605,-0.3552115256608456,-0.38708766227854374,-0.6014993430982225
0.4026140160797089,-0.4635609670954281,-1.0454281561749572,4.029464636359352,0.029474391423756685,-0.16434650538153614,-0.13359439582330046,1.3333827128058873,1.88304385756578
0.0013923142728255178,-0.938000675523642,1.10473195548785,2.384910475677951,2.0250175524084773,1.3337695765682283,-0.02575176209479036,0.6931360816602842,2.447318189638129
0.8565130807349668,-4.629948249453055,-1.160366934425451,0.1897768261779782,-0.4128003004194973,-1.0176067835938774,-0.19794214567987045,0.4899958143213632,0.02663557661063161
1.8300619129793143,-0.21140038013895898,1.955907402723605,0.3539826281387431,0.5453062316337042,-0.21169239556253086,0.45522555606161785,-1.0431831811478465,-0.3105569898936102
1.2267154273464362,-1.2367778219084369,3.0804838809399304,0.965466190802558,1.908740143610838,0.5632627817394658,-0.9764312962107886,-2.505010956444517,-0.7653769648058661
-2.0194767763204093,1.983995049568135,-2.4917789248527145,-2.7825341022150045,-1.082947269917026,1.4047039632990586,1.0694521734976141,1.759045864864451,0.08013219208025031
2.156638365548469,-0.3070064406520662,-1.7029710621910201,0.8567233638369417,0.5388912191538898,-1.421113002057188,0.2961228295859689,0.62510820094191,-0.10148899105010654
2.3172701167038547,-1.6051948115962524,1.0801375187124127,1.6753675620604167,3.194110827270568,-0.13711260931897393,-0.5923834737153463,-0.10418684950316609,0.0046321006387606955
5.2585107401561535,0.17646658915247068,2.6379263286975694,1.452276853546708,1.3726813614502402,0.6330400487434349,0.9249964559959505,1.4096615006072113,2.002944798913793
3.4821549176246056,1.822105573699153,1.973830433690774,1.1307966998009316,2.151966677315265,2.329517601597089,2.701830996701983,0.30795105589891364,2.088605898004012
-2.4641241539538075,1.220275198281376,0.48888735291271546,-0.42071516745439413,-1.4339668347304242,-2.33526146865876,-1.1778621151414106,-2.03079248282939,-0.7429817243514896
-0.016556648279190796,-0.6336570925098037,4.531538248145878,5.489929167324842,2.2310661696084257,0.8736812808978125,0.16055521134290085,0.9278051846570278,0.815600962273668
-1.707094636263687,0.2209117251148701,-1.582132202633583,-2.163230725718496,-1.3831458198987465,1.616197865806374,-0.8311254386635917,0.5285652381968597,-0.7222331831814481
-1.6736191760701586,-0.05213453104725227,-2.2059093390211624,2.2434001124516714,-0.8680704411141921,-0.9926328829862392,-0.08253596324246064,1.6316058528942594,-1.5402787227922872
-1.2467550177130649,0.15468894805112748,-1.4325129469755078,-1.9283416090106995,0.0017259220276729659,0.43111238674030805,0.9069893727516058,1.2363032886091117,0.5070339688225296
-5.7495111301607835,-0.9398254677316408,-1.897304007777807,-2.953922494903343,-1.3137729211985445,-0.9189264699650826,-2.51301572430252,-1.5038197472500645,-0.4142609704148726
-6.868095017147901,-2.8856369821865218,-0.2688485434725468,0.032106172770392294,0.07525733148404945,-1.390263547088467,-1.6071086117891447,-1.8263719793799642,-1.462365482228602
-2.0880306367071633,-1.6235018040955438,0.11866515847262693,0.006866602179880388,0.16539095480135613,1.3474209532959538,-0.20596591056518387,-0.35815456139034024,-0.398101397491274
3.1237837281339553,1.5154853538890471,3.028362652471947,1.9578553993482661,1.3334088631694545,-0.05232216801824339,0.06701116387862237,-1.1343386852391757,0.6916168500154326
1.4557452519381773,1.5042568730723602,0.2551203745096392,1.699117135481869,1.2803639021377118,1.710888566028246,2.0701119543016557,2.0401769617099172,2.169629119612889
0.14367494150806237,0.37798758189637677,-3.561779561214968,-3.572397417301687,-2.100947154655688,-2.0923514396715603,-2.8100826208597978,-1.7463116128227825,-1.2684665834437465
-1.5543625335078821,-0.9656113011519,-0.27039709386558475,0.8718966250319999,-0.2588295746682857,-1.0464032522407798,-1.7931945295616194,-1.1072688392505279,-0.4661544251371317
-0.9669456346668878,1.3466419458256662,0.09003222916340772,2.2596817415544126,0.616517202378035,1.751442151491777,-0.1921354591724443,0.7834333761257046,1.0471601933984414
-2.3123151553195647,-1.789049632288233,-0.3354206100444742,0.3359959824276267,-0.7356249634825143,-0.016915440348412615,0.7815822795847874,-0.5874273891594978,-0.4046885289773488
4.407528081377931,-1.4204127822566044,2.106614793890098,-0.5378136591238764,1.008205352843056,1.1184226004332705,0.7162128602911498,0.7794682831579538,-0.650877451422859
-3.3641153279342744,-2.952916142275082,1.1628195624435185,-0.6118476823249335,0.7842973292120491,0.22438902492553725,-0.5660891995877801,-0.25703471147161694,-1.5895593385585838
4.920761970670095,1.7986629739913058,2.25054204605409,2.1743516510031258,1.4563545856044338,3.44732879126556,3.090748466758672,2.9103785232961985,3.2196339962989797
-0.14258071882604936,1.4883605321432718,-1.0155148903924194,-1.4770046032479947,1.5187696823910253,-0.9997309555784009,0.5396467896806447,1.4110883114944195,-0.19807911212670587
1.3920118697919424,-1.7331112062184464,-0.27260573184969794,-1.5193465168592952,-0.04782703516692144,0.21665885678356167,-0.10945643849415089,0.8273421743286543,-0.4500298572494212
-4.044286540790299,-4.232026255199052,-0.2629386736079097,-0.6941124539129497,-0.7665660699596308,-0.9791257236883888,-1.5589706301542638,-0.5537836239641466,-1.4289397268659472
4.430146069541774,0.1899504007869983,1.10646334039922,2.315186656730606,1.9186215966215496,0.22919523139413214,-0.8678173821868693,0.1205877990505072,-0.010663441925569827
0.5288797665509541,0.013841938714457127,2.7501292246831337,2.0401983710097795,0.252471000397803,0.29583209173609726,-0.6402266710230259,0.32799476617713214,0.4958188400308674
1.1344464264340102,4.25954291455709,4.552423079621324,4.415447905960219,3.446633893936687,5.807154255598566,4.664744456687349,1.791515538963118,6.367272723556603
-1.2703791166228244,2.8914605898282844,1.803131052817096,3.1922899404763796,0.565595318532875,0.6559929478057057,0.2736752488870611,0.316721971632999,0.3046706827893757
-0.6620704948223658,-0.6464812744854236,-1.0983478769420132,-1.6114630798312082,-0.7998121320514622,-1.9207884875645986,-2.0889467367005268,-1.2763935867093434,-2.9958287636344894
-2.5391749894484916,1.2770567641198547,-0.24835961437548532,1.233128528546496,-2.700184472909431,-0.08960634656264327,1.6196016500087116,0.7076255343920764,-2.2661150749786407
-5.078997088686778,-1.19111249844241,-1.2673425437712924,-2.592990332221147,-0.47710028429214346,-1.8809845268549106,-0.9756248713956046,-0.182036333646025,-2.884163860208369
0.5198694614054172,-0.5241163039286478,-1.1120218384179892,1.118429391254235,1.561015128129882,0.9106522388678834,-0.006804978257260785,1.9786051247134995,0.18475929129068092
2.775494334480936,2.305128460964808,3.5951470852137075,4.89384203509306,2.1312501602938267,2.1434309802650646,0.24834042630615816,1.193810312957588,3.6009283661571665
-5.101390277553121,0.1627907576158588,2.8157973763974953,0.07022883351041664,0.3260766540247907,0.8484983357057008,2.099637824066262,0.12944664197613898,0.8999747983777243
0.3817624585982702,-1.7624330811639999,-2.6994601295448026,1.6780175771693917,1.0502836756124458,-1.3819344411743195,-0.46622638461444954,-1.1668809024718785,-1.5374403077139696
-0.08592065336273867,-0.49213725604061126,-2.1880448291264543,-2.5278157660264924,-1.7624196201510567,-0.20903983182124566,-0.13173145099924244,-1.6421679395503803,-1.2650162913906096
-2.257642485268067,-0.6985527841619462,0.9289907962215056,-2.8487222659058813,0.5302994992564765,-0.8342593020548552,-0.3617255607147982,-2.248156660740373,-0.24735573853895404
6.114403248635323,3.193482730695538,0.698595432583349,1.3819730235916865,0.10517920713046869,1.7389639208806016,1.8675840463531466,-0.15258167378821552,2.127229680096645
-3.364814620510795,1.912724642569532,-1.2987721153337017,-1.4513788281098952,-0.7020070949387254,-1.6302734698964945,-0.9066616561726298,-1.213942335628929,-1.3526639540788286
1.5175410927338253,1.9544322488692085,0.37875596254215665,1.9071919539539886,0.42151690273130704,-1.1069540706097205,-0.3201861441477798,-0.7610433075891098,0.6225201087039605
2.3588571287576126,1.5625922406878172,-0.19429769928628698,-2.3638993969833786,0.33559589826505276,-0.9220610557239941,0.2504088043455267,-0.7274417328679507,-1.3093795889578945
-0.3097971048381522,0.18095511051237162,0.40516231546842907,-0.8950306320064972,1.8572755955495173,1.269869942956184,1.0700655292067647,-0.9913773374017858,0.9925115575873736
-1.5576957398418994,-3.885061824205855,-1.6112421712832568,-2.1064522546761038,0.33094544607086307,-1.8508139072007848,-3.1239754545594627,-1.8110277382145084,-0.7856702394865098
